{
    "pools": [
        {
            "rolls": {
                "min": 1,
                "max": 1
            },
            "entries": [
				{
					"type": "item",
					"name": "minecraft:barrier", 
					"weight": 1, 
					"functions": [
						{
							"function": "set_nbt",
							"tag": "{ItemId:More_Monsters,IsSpawn:true}"
						}
					]
				},
				{
					"type": "item",
					"name": "minecraft:barrier", 
					"weight": 1, 
					"functions": [
						{
							"function": "set_nbt",
							"tag": "{ItemId:More_Monsters,IsSpawn:false}"
						}
					]
				}
			]
		}
	]
}